experiment,num_splits,splits_found,mse_mean,mse_std,mse_min,mse_max,mse_median,mse_ci95,rmse_mean,rmse_std,rmse_min,rmse_max,rmse_median,rmse_ci95,pcc_mean,pcc_std,pcc_min,pcc_max,pcc_median,pcc_ci95,scc_mean,scc_std,scc_min,scc_max,scc_median,scc_ci95,r2_mean,r2_std,r2_min,r2_max,r2_median,r2_ci95
CCLE-CCLE,5,"['split_0', 'split_1', 'split_2', 'split_3', 'split_4']",0.005846,0.000131,0.005741,0.006074,0.005758,0.000115,0.076457,0.000852,0.075769,0.077935,0.075883,0.000746,0.887729,0.004289,0.882298,0.894469,0.885790,0.003760,0.794343,0.009268,0.776403,0.801789,0.798143,0.008124,0.778548,0.009133,0.770013,0.795216,0.776918,0.008005
gCSI-gCSI,5,"['split_0', 'split_1', 'split_2', 'split_3', 'split_4']",0.009316,0.000690,0.008306,0.010104,0.009157,0.000605,0.096453,0.003586,0.091139,0.100518,0.095690,0.003143,0.864412,0.009976,0.854857,0.881849,0.858814,0.008744,0.857425,0.011689,0.844930,0.875265,0.853913,0.010246,0.737724,0.019586,0.716988,0.765606,0.734097,0.017168
CCLE-gCSI,5,"['split_0', 'split_1', 'split_2', 'split_3', 'split_4']",0.374842,0.681736,0.030849,1.738310,0.035026,0.597568,0.411089,0.453705,0.175639,1.318450,0.187152,0.397690,0.352583,0.255003,-0.153043,0.523170,0.449099,0.223520,0.443634,0.075813,0.333283,0.557982,0.427802,0.066453,-9.480058,19.060364,-47.600666,0.137501,0.020729,16.707146
gCSI-CCLE,5,"['split_0', 'split_1', 'split_2', 'split_3', 'split_4']",0.032707,0.003782,0.027634,0.036926,0.033462,0.003315,0.180544,0.010539,0.166236,0.192160,0.182925,0.009238,0.324237,0.068790,0.233915,0.429153,0.337186,0.060297,0.215774,0.056257,0.133233,0.306138,0.212345,0.049311,-0.259107,0.145603,-0.421493,-0.063816,-0.288142,0.127627
